<?xml version="1.0" encoding="UTF-8"?>
<beans xmlns="http://www.springframework.org/schema/beans"
       xmlns:xsi="http://www.w3.org/2001/XMLSchema-instance"
       xmlns:context="http://www.springframework.org/schema/context"
       xmlns:aop="http://www.springframework.org/schema/aop"
       xsi:schemaLocation="http://www.springframework.org/schema/beans
                           http://www.springframework.org/schema/beans/spring-beans.xsd
                           http://www.springframework.org/schema/aop
                           http://www.springframework.org/schema/aop/spring-aop.xsd
                           http://www.springframework.org/schema/context
		                   http://www.springframework.org/schema/context/spring-context-4.0.xsd">
    <!--<context:component-scan base-package="com.library"></context:component-scan> -->
    <bean id="bookService" class="com.library.service.BookService"></bean>
    <bean id="bookRepository" class="com.library.Repository.BookRepository">
    <!--<property name="bookId" value="1"></property> -->
    <!--<property name="bookName" value="A good girls guide to murder"></property> -->
    <!--<property name="bookAuthor" value="Holly Jackson"></property> -->
    <constructor-arg name="bookId" value="1" ></constructor-arg>
    <constructor-arg name="bookName" value="A good girls guide to murder"></constructor-arg>
    <constructor-arg name="bookAuthor" value="Holly Jackson"></constructor-arg>
    </bean>
    <aop:aspectj-autoproxy/>
    <bean id="LoggingAspect" class="com.library.aspect.LoggingAspect"/>
</beans>